{
  "0": {
    "kl_mean": 0.013748327270150185,
    "kl_max": 0.0813266783952713
  },
  "1": {
    "kl_mean": 0.008263885043561459,
    "kl_max": 0.06016082316637039
  },
  "2": {
    "kl_mean": 0.004419774282723665,
    "kl_max": 0.04458608478307724
  }
}