{
  "0": [
    29.899478912353516,
    -58.474056243896484
  ],
  "1": [
    59.14800262451172,
    29.233108520507812
  ],
  "2": [
    41.632076263427734,
    98.32638549804688
  ],
  "3": [
    1.0071022510528564,
    114.47108459472656
  ],
  "4": [
    -61.099178314208984,
    14.191728591918945
  ],
  "5": [
    -41.474491119384766,
    96.99876403808594
  ],
  "6": [
    -4.130269527435303,
    2.149965763092041
  ],
  "7": [
    32.526824951171875,
    -137.25465393066406
  ],
  "8": [
    -91.1674575805664,
    47.21025466918945
  ],
  "9": [
    6.830429553985596,
    -31.774877548217773
  ],
  "10": [
    67.59988403320312,
    -51.21425247192383
  ],
  "11": [
    -22.412235260009766,
    -79.71866607666016
  ],
  "12": [
    -31.537429809570312,
    -18.23558235168457
  ],
  "13": [
    -9.85012149810791,
    -16.491849899291992
  ],
  "14": [
    126.20379638671875,
    17.498422622680664
  ],
  "15": [
    -92.1091079711914,
    -22.244840621948242
  ],
  "16": [
    4.253164291381836,
    -62.74869155883789
  ],
  "17": [
    -123.72589874267578,
    -39.37699508666992
  ],
  "18": [
    -12.806183815002441,
    75.6419677734375
  ],
  "19": [
    43.89045715332031,
    53.83409118652344
  ],
  "20": [
    100.86710357666016,
    43.95659255981445
  ],
  "21": [
    -86.99759674072266,
    -68.64322662353516
  ],
  "22": [
    -15.3120756149292,
    30.673139572143555
  ],
  "23": [
    31.778350830078125,
    -14.716960906982422
  ],
  "24": [
    -50.67796325683594,
    -41.36712646484375
  ],
  "25": [
    -97.15174102783203,
    86.55745697021484
  ],
  "26": [
    -39.465423583984375,
    -109.95915985107422
  ],
  "27": [
    28.67584800720215,
    77.900390625
  ],
  "28": [
    83.70562744140625,
    -99.47570037841797
  ],
  "29": [
    -29.224695205688477,
    9.020638465881348
  ],
  "30": [
    0.6183480620384216,
    46.55253601074219
  ],
  "31": [
    7.426920413970947,
    -95.4316635131836
  ],
  "32": [
    123.70088195800781,
    61.13714599609375
  ],
  "33": [
    -14.279545783996582,
    -136.496337890625
  ],
  "34": [
    -99.99995422363281,
    -0.05300373584032059
  ],
  "35": [
    80.4622802734375,
    74.80281066894531
  ],
  "36": [
    -143.06997680664062,
    35.402896881103516
  ],
  "37": [
    109.01256561279297,
    -62.21726608276367
  ],
  "38": [
    -46.176998138427734,
    58.970848083496094
  ],
  "39": [
    97.59861755371094,
    -14.727920532226562
  ],
  "40": [
    -44.53729248046875,
    38.71255111694336
  ],
  "41": [
    -65.90463256835938,
    -73.2774658203125
  ],
  "42": [
    48.01953125,
    -22.250364303588867
  ],
  "43": [
    43.038673400878906,
    -95.45769500732422
  ],
  "44": [
    -26.49386978149414,
    -47.683658599853516
  ],
  "45": [
    78.32608032226562,
    -3.1206934452056885
  ],
  "50": [
    -54.00290298461914,
    138.19122314453125
  ],
  "51": [
    -66.30449676513672,
    -17.385540008544922
  ],
  "52": [
    31.7110595703125,
    8.333788871765137
  ],
  "53": [
    19.173839569091797,
    30.226276397705078
  ]
}